transaction_id,amount,time_gap_minutes
txn_xaji0y6d,305.21,32.79
txn_ahxthv3a,260.46,43.4
txn_mf8mdd4v,237.4,58.52
txn_nt3w5uzb,151.63,20.92
txn_cidkwnnh,356.57,38.5
txn_g0fn9xuy,205.19,47.68
txn_ibljh75l,109.36,30.24
txn_jiujv6oh,358.2,33.02
txn_dbdw2pcn,40.59,52.34
txn_azytjxep,211.26,57.46
txn_5jsg65kx,327.76,34.67
txn_2tala753,361.15,8.19
txn_58drc11e,190.26,52.98
txn_pht0hl9x,230.67,33.47
txn_eimvihcw,381.35,8.9
txn_iyhe7ur2,161.24,15.47
txn_dppq0y9d,165.33,18.68
txn_gqpki7p5,384.72,7.78
txn_94874frh,322.85,59.19
txn_j2qp89uz,278.12,21.32
txn_8ut0cvs4,281.71,15.22
txn_vyie6ivw,242.02,37.1
txn_s7hzioyk,250.36,30.21
txn_99chj755,218.95,13.68
txn_4zw9xa3k,289.84,11.35
txn_dtjvzhwj,233.92,54.79
txn_4dpja1wj,169.9,5.53
txn_c56t4ufe,223.04,54.44
txn_246hid25,216.34,56.14
txn_5935a0l7,218.13,52.52
txn_3j2d54i3,201.57,17.52
txn_agl58kxo,384.02,34.49
txn_7e8g8jdp,207.46,33.13
txn_nujza7tz,350.59,41.88
txn_ncxll4zk,181.9,21.26
txn_ep7y6wkt,10738.27,0.57
txn_uxqphr62,294.19,9.66
txn_swm31yih,9896.85,0.62
txn_4cowgzri,383.31,47.35
txn_dpg8sbi4,254.65,49.08
txn_y9v86wzs,87.01,45.9
txn_rjiw1swj,10714.56,0.4
txn_lteiyzco,199.44,27.87
txn_hp6vz41n,12035.18,0.93
txn_48p0tvhh,321.21,42.35
txn_ofqewaou,17854.99,0.25
txn_qbnhl1n1,263.13,18.87
txn_cat9mx2x,300.7,6.12
txn_feyuhz1g,233.39,46.14
txn_e38daly8,243.06,42.98
txn_wd14ve92,218.96,28.56
txn_nsm43d8w,227.33,45.36
txn_8j3trp0j,167.51,50.69
txn_d5iqvnb4,283.73,23.72
txn_5zja8dzr,389.02,42.98
txn_xr2dhylu,167.36,46.03
txn_lzjjeget,233.74,15.18
txn_hr09skdg,255.79,34.38
txn_j9tze5r5,262.2,30.82
txn_pgb7r3oc,292.92,35.96
txn_k9e1v2is,265.03,29.35
txn_49kwv08h,225.05,14.56
txn_caqvkizz,210.45,42.81
txn_72wx7ptx,264.26,14.13
txn_l0ukeyz7,222.71,32.16
txn_cbpljd84,550.16,41.98
txn_jb1qx6gv,154.11,32.04
txn_dmly4lyk,289.32,30.02
txn_ll8os9xt,156.85,15.32
txn_n1w1ht7p,405.53,38.49
txn_ifttd96q,398.7,50.77
txn_rzsj49it,334.06,53.36
txn_5j2o7s3k,205.07,37.28
txn_9rftmttq,296.51,36.45
txn_i1b0z3nx,364.63,58.94
txn_rbsv55ps,235.84,41.01
txn_fq8myx44,169.05,25.9
txn_lz15bcw7,248.27,10.41
txn_w5py6b2k,164.67,13.01
txn_tu2gc5wi,305.35,18.97
txn_ja26yfpm,319.65,40.14
txn_pj4hnriu,316.85,58.79
txn_xjuy0bvr,246.93,20.74
txn_2vmwwyzx,130.22,40.55
txn_lpu0dk0g,125.23,34.67
txn_8t63j3r3,229.06,57.96
txn_f840982n,283.58,5.77
txn_tqyyv37d,414.08,35.88
txn_6hc36kof,276.01,21.74
txn_rd5eqy08,247.75,27.82
txn_dro8bnp8,203.7,10.46
txn_yt9moge4,190.28,37.84
txn_a2ieuc1h,152.17,52.83
txn_lf6a4fej,240.31,5.82
txn_2ilgb0s0,234.5,47.79
txn_sds8b25s,277.62,31.34
txn_oyr6ccvc,243.65,39.82
txn_tl9tqvdz,170.14,44.65
txn_hqimqodp,138.75,25.59
txn_f7c3dd03,162.06,23.13
txn_emx15z8v,196.89,36.79
txn_hxid4n1u,372.02,50.01
txn_wxa73jgz,70.84,23.69
txn_a5uofwb0,186.02,25.35
txn_z1udbfwy,285.26,41.41
txn_rpj1epky,237.87,26.74
txn_vakhejla,228.84,14.66
txn_nzs43c5b,23423.25,1.05
txn_uuzpeal2,338.57,9.85
txn_4ivsolml,93.64,33.08
txn_es6m033i,285.34,46.81
txn_xg1r11q7,352.74,39.94
txn_w5wfcpkj,15146.74,0.44
txn_qc3c54ws,116.44,54.27
txn_q3xlrfcd,202.56,23.89
txn_zsgippsf,233.17,23.61
txn_v2xcdyk0,330.27,54.85
txn_5mufm8zo,313.7,25.72
txn_23y30ysx,223.85,24.9
txn_ngh8riec,360.52,50.93
txn_5bm1enf3,331.52,49.5
txn_fpoyipk0,182.72,49.47
txn_q4n89qkn,235.4,58.14
txn_32ejx5td,288.91,46.97
txn_j6fp8hqm,6065.14,0.65
txn_i9nb74x2,197.26,20.78
txn_3zezqacj,127.06,34.03
txn_ekkbp2qd,211.07,37.82
txn_asifpwio,436.26,8.72
txn_ss9toqw9,361.13,5.89
txn_2m0w10lb,269.29,47.85
txn_qzw3c1qk,8989.4,0.15
txn_7s9tj1gm,204.26,52.62
txn_len606n9,68.26,33.56
txn_20cv3tlc,252.83,21.86
txn_vpymb5m9,442.94,9.13
txn_wn2y8fv2,6344.67,0.96
txn_nnuvy8n1,225.66,34.12
txn_oxie0rnu,244.38,59.8
txn_k6re4q6q,18638.59,1.03
txn_lmct64z7,336.8,48.65
txn_sehe2atn,145.67,9.74
txn_l9zs13c9,214.9,29.75
txn_ym52xg8p,288.72,13.42
txn_flzm764j,264.05,35.3
txn_ektsg7fx,128.54,36.0
txn_3bbxux1o,155.62,32.39
txn_wk8r2ykc,13792.11,0.63
txn_hvlz049e,185.06,30.66
txn_jidknwi5,223.5,23.01
txn_ul1rsrla,41.45,16.83
txn_mbr5xqt4,242.86,53.54
txn_01nouhtc,255.86,59.4
txn_ye9o2m71,185.46,33.0
txn_sbelrqvs,213.88,59.48
txn_0km3tzk3,218.93,42.06
txn_9v20yar8,267.19,44.68
txn_vgww4fyb,146.38,11.04
txn_alfyo175,290.32,16.4
txn_lxslg6mm,266.63,44.65
txn_xyvgiui9,236.77,43.77
txn_lm72jeyn,302.9,50.01
txn_82kkzmpj,279.51,56.32
txn_zewviytw,13266.03,0.89
txn_d1at7o75,345.02,15.97
txn_8lx6dut0,292.44,53.52
txn_g79or787,224.26,5.51
txn_ud9k9tr7,198.69,11.2
txn_fqjg02u1,260.45,52.09
txn_63sdygfl,246.03,46.46
txn_8k0axyce,308.5,27.3
txn_s6zle6kw,280.82,46.13
txn_votqtxhi,284.33,53.02
txn_cqzcucts,291.99,33.62
txn_ehuds3qs,307.68,8.18
txn_q30o30ub,486.12,56.4
txn_c7bo119x,350.0,59.61
txn_n56nyxtx,293.15,34.09
txn_0iaakytt,339.45,18.61
txn_mj70e3p1,304.09,10.55
txn_bvzb0oih,255.33,8.1
txn_sk30lvyl,323.05,17.16
txn_kc856wpr,342.09,56.79
txn_y2lofn1r,210.68,49.32
txn_6u8ueihx,369.13,51.59
txn_d0gjyv5g,233.55,31.37
txn_5l8a78e9,148.98,18.34
txn_vh6t1ntm,156.48,10.42
txn_9q46nouh,242.45,19.34
txn_7upfln4r,225.44,50.19
txn_8xrg2gzr,193.39,34.82
txn_xcb48y1o,264.59,5.5
txn_snwywrra,374.53,5.65
txn_tj9a3y36,287.36,15.56
txn_s3jonou9,275.84,42.62
txn_4x41dntc,8427.67,0.65
txn_p2u4dtbh,319.13,7.56
txn_c76ub7l8,191.0,46.37
txn_zocfi4o6,251.55,59.37
txn_0s9bp4m1,206.1,26.82
txn_1bj9rm7p,231.98,39.02
txn_2zcfzw0l,221.33,5.29
txn_lmjegqto,12078.29,0.2
txn_vlnknd66,206.13,25.94
txn_ekrcpprc,228.69,18.56
txn_wvhdk8lw,215.39,49.85
txn_49el8hl8,313.39,21.03
txn_zruin3oe,165.92,42.49
txn_t8qzpky3,194.98,27.5
txn_rwixz2c9,172.79,55.62
txn_yt2m6twd,305.5,41.17
txn_mxb9yo18,311.77,33.09
txn_suuqo1vs,254.1,6.35
txn_do8e7flq,159.55,29.1
txn_zlk3e4xy,259.74,59.11
txn_igfu8iog,232.27,38.78
txn_hvnzh13c,258.05,52.96
txn_glqj5sxv,186.8,51.5
txn_w3zkwdee,211.54,15.07
txn_yspengwy,351.79,31.93
txn_flqbmae3,249.94,32.8
txn_ryo4rcb1,234.55,14.25
txn_q01tee13,348.15,50.24
txn_bzt9d31k,179.6,49.92
txn_p91i3vmz,273.01,14.13
txn_fhhcmktl,234.56,52.19
txn_9yd82795,311.18,52.63
txn_iz31yruj,141.75,53.41
txn_dsk7n8la,283.68,45.3
txn_0qxmcthp,232.55,23.58
txn_uurmybd2,399.17,11.83
txn_4pa8hyex,308.39,41.0
txn_jn6fokzi,223.74,43.7
txn_areiyaz3,212.38,8.9
txn_n0dl5e11,269.98,59.61
txn_ftaxp0wf,188.44,9.77
txn_d1vn8lfj,16067.93,0.76
txn_v2y4xkss,103.81,21.25
txn_b68rervt,435.85,12.26
txn_4uny181a,10243.71,0.14
txn_c2swsozc,234.65,38.88
txn_jlsh3tow,237.58,43.43
txn_04cdpqvl,223.14,45.74
txn_ezzf8s2z,347.4,19.78
txn_51b3jczu,14103.96,0.5
txn_runjdu0i,349.8,7.42
txn_5iqnf74t,245.11,22.7
txn_ozjcns6g,166.73,58.98
txn_8cqk4lta,187.3,39.25
txn_qvr1h61i,13200.72,0.36
txn_m458ax40,223.42,34.14
txn_irc9zd76,226.53,58.6
txn_dde3cup8,176.42,19.35
txn_l2z0ljch,209.93,14.04
txn_qot8hlje,226.4,42.73
txn_3zb4ldim,222.57,59.49
txn_boq0iq2f,21607.45,1.18
txn_e3nwxuj3,6289.44,1.09
txn_pe63lbqg,194.28,50.19
txn_obyghgk5,17383.53,0.37
txn_kotckeh5,151.91,48.72
txn_92mtr6sn,144.55,22.54
txn_h62c9t19,344.6,19.66
txn_37c9h42m,318.86,51.49
txn_gv3z6bz8,202.34,59.34
txn_5rlrdihs,23357.92,0.32
txn_ez74lav7,230.05,51.56
txn_48n7odke,384.43,57.84
txn_xg8y72iv,205.1,21.88
txn_ye088o98,17047.77,1.11
txn_8hu7f0i9,275.91,43.99
txn_x5qjicjd,12718.74,0.91
txn_85rntdr5,227.25,42.79
txn_fc4kl8cg,238.63,54.4
txn_dvwrb7f6,149.96,10.57
txn_hgzz0jki,16435.4,1.02
txn_fmpkxvha,241.41,51.41
txn_lorxdtg5,281.94,29.52
txn_jqijc1yd,44.59,37.43
txn_t43pt5r5,195.26,9.34
txn_6zs62ywe,357.47,58.47
txn_3ep9p9w4,454.15,55.09
txn_6cnoljq5,180.38,28.08
txn_ofv177ud,182.06,34.46
txn_monrvbjf,242.2,53.93
txn_li076a3k,228.89,32.04
txn_zd5e9p3j,218.5,16.63
txn_30153sfl,209.1,12.46
txn_45bg34iq,232.0,50.29
txn_swebnvg5,188.57,24.24
txn_f60yknfu,322.0,42.27
txn_joa21a6x,159.68,5.47
txn_j2k8xpnm,132.32,50.34
txn_odsx4nxv,274.99,10.95
txn_c9x5jz6k,266.65,49.3
txn_2vxyzx9j,79.25,26.36
txn_bzug0it2,205.12,51.5
txn_45gdej31,166.05,42.38
txn_mdm0l2lj,303.58,52.65
txn_v7c6s5nk,22084.8,0.25
txn_hou6qlz2,177.42,39.71
txn_gwaj1g1r,343.98,39.84
txn_o8nbhnal,308.03,15.48
txn_ywiymenv,280.13,21.0
txn_0vm59m6m,189.79,57.14
txn_7oi0e0vg,237.08,53.21
txn_jtb9xxay,232.09,25.91
txn_trfzwkxx,215.77,50.69
txn_dzeedhhj,223.23,16.09
txn_zkbrh7la,376.65,41.8
txn_fds0dji9,166.1,30.54
txn_dgbk2l0d,399.93,41.48
txn_gmpw5d3g,294.47,57.93
txn_jn42x2ez,23849.34,0.28
txn_ov2ygnmb,363.8,12.19
txn_7eobjlzy,66.98,36.72
txn_u9ymszdx,182.0,26.17
txn_4u9bxf44,349.06,9.12
txn_ri8bixoi,277.61,52.11
txn_qerxdoua,17084.07,0.78
txn_kshy8nbi,167.26,35.81
txn_wrxze1hm,314.83,33.71
txn_zbffzzdv,235.27,56.16
txn_oq2zdo74,262.14,41.22
txn_8ertb74r,163.3,55.66
txn_gu0env5s,426.55,46.93
txn_j88qeoz0,227.13,43.58
txn_4z7whwkm,365.14,57.71
txn_sylemruy,236.44,46.13
txn_4k43safy,250.06,20.76
txn_j4yk1b3d,202.61,45.67
txn_50ui22kx,97.52,58.67
txn_ltajw253,380.14,43.75
txn_x1tv18kg,269.07,33.26
txn_npuevjlz,295.61,13.45
txn_lb7wxrum,226.68,15.11
txn_csotdhhl,301.34,17.01
txn_1t939ayq,165.79,57.74
txn_yl68ntk6,176.98,25.62
txn_2qb6gs8g,240.57,8.6
txn_y15pdtz9,247.71,40.56
txn_70fqldb2,198.76,19.23
txn_nwpaytxw,223.91,37.21
txn_zc7d2kd1,157.01,31.07
txn_teo2t8fy,322.03,48.73
txn_0n8tteav,314.45,46.16
txn_6moxsfh4,227.7,14.97
txn_24479qtk,6964.05,0.9
txn_rlexdw6l,199.12,37.13
txn_unlpaih0,204.38,51.21
txn_e05qmktg,336.3,12.7
txn_tj5ccasb,117.33,27.28
txn_v6tt9q1n,268.04,21.0
txn_qsosx43w,121.21,33.28
txn_qg8x80rm,221.26,25.32
txn_bh6nqqb9,252.24,43.71
txn_s34jtgxn,299.35,25.7
txn_6sm5rrvs,167.11,14.11
txn_cxhgnzei,232.96,31.33
txn_hf4abufw,16445.39,0.16
txn_jg8vuazx,159.9,9.72
txn_q95g3v23,216.28,44.83
txn_mqvindh4,197.13,28.09
txn_fdrwb2se,324.32,50.51
txn_61xsnbti,329.47,48.43
txn_nv01zder,291.32,53.22
txn_ogz2ueax,199.44,22.37
txn_nfxj4pnj,252.58,48.11
txn_rntjlmz0,167.43,41.26
txn_0qzfhomt,237.3,58.05
txn_adf7pchc,12686.52,1.18
txn_wszv83xp,204.37,41.13
txn_2kbvsigb,296.83,59.82
txn_2movs0cd,250.08,50.64
txn_6m8jvh7u,218.32,8.98
txn_k82853uy,270.91,35.97
txn_118qqvae,17673.24,1.19
txn_yil8sa3i,18473.96,1.0
txn_c7rm6j8y,196.61,45.45
txn_5hhiwfd7,250.34,41.49
txn_w1tbrwr9,313.1,59.14
txn_6khub2rt,181.75,26.65
txn_yg9zqyah,199.7,19.28
txn_tiqwnrhz,348.05,51.99
txn_kgeuidji,217.08,57.75
txn_f3gr94sz,280.57,21.5
txn_uuoyc3rw,211.6,35.82
txn_7jae58hu,315.25,14.6
txn_2myr06nk,279.73,49.42
txn_mwu4cfil,288.26,19.71
txn_xjq5nv8o,377.69,41.41
txn_7zcgdc5t,12940.25,0.94
txn_cjfx5lik,268.67,12.22
txn_4bx4lr9t,51.17,43.37
txn_gvwwusxl,321.8,34.68
txn_2pnjka34,239.85,55.71
txn_8rapkian,251.99,35.83
txn_of0onjpi,372.61,42.66
txn_k03o4gkw,172.14,19.97
txn_wgabtgdj,241.65,13.29
txn_rml29q2l,192.36,57.34
txn_c1cqg433,256.89,47.42
txn_p0bq1s9r,189.86,22.17
txn_lwb7sjwh,286.72,11.21
txn_wlgje2ab,207.63,31.14
txn_vndfdw79,357.05,43.57
txn_2ei9212p,292.21,42.91
txn_me6rpkzg,175.2,20.14
txn_36tcfkjn,17760.52,0.52
txn_ga41izxt,356.2,33.82
txn_rtwlxdsc,361.53,16.11
txn_rdu4xszj,368.43,38.33
txn_c7hr6c2c,326.8,25.3
txn_z3jbck88,19503.44,0.68
txn_gsiwg0od,218.61,24.69
txn_qx5ggomf,180.16,22.33
txn_9ln1p0vu,276.13,47.11
txn_7j8qo09v,317.76,21.52
txn_h4a3yjtu,247.19,13.51
txn_bmenui3d,363.29,44.8
txn_2g3yu6vk,185.74,36.7
txn_cc1m3o55,187.69,5.63
txn_1nkbtfsh,19631.57,0.53
txn_qvshkoec,161.01,7.71
txn_ods1eeur,286.77,45.46
txn_ic1l7dyp,354.4,22.64
txn_vak9w9pf,21363.44,0.32
txn_n14eb875,372.62,11.12
txn_qahthsjr,260.61,12.77
txn_zauxbgk2,360.24,5.46
txn_nj4x5a5x,288.2,25.94
txn_9dl5tgsq,309.77,34.12
txn_mofmmwi9,258.12,49.65
txn_w563btkf,231.07,26.02
txn_8wwiif86,221.4,34.82
txn_het25lzs,468.14,12.98
txn_77lu8el5,244.09,47.1
txn_5oop767j,290.05,46.93
txn_wjuiiymy,281.79,32.63
txn_vzn4regb,313.17,27.72
txn_091c795r,255.98,30.16
txn_iob0nlw0,88.66,48.28
txn_sq3b9so0,224.21,33.39
txn_wbkok3qp,340.9,12.82
txn_3q0e27ze,282.43,29.8
txn_gvzhqjy6,241.89,11.28
txn_qnsn2s8n,209.72,47.25
txn_6uxf5gzp,260.16,39.45
txn_eehwjq4t,22654.06,0.36
txn_vrocvitw,163.62,50.39
txn_bfxb4y4k,329.19,14.8
txn_yvyv2gqu,275.2,10.12
txn_knncptke,235.04,33.86
txn_zwd0w9ry,346.75,59.25
txn_kvls9meu,187.01,14.89
txn_vz9aawe4,181.34,59.94
txn_omuwahk2,179.28,5.34
txn_ym0wbglm,247.03,55.39
txn_2xrw6tm2,242.93,21.46
txn_0lthy25m,98.27,20.43
txn_b9w4uov5,230.72,6.74
txn_oriq8hke,183.21,47.78
txn_6parsg70,257.11,52.95
txn_37ye0qzs,23646.75,0.86
txn_vdqbsxlu,206.08,54.07
txn_lgjlpefj,17458.9,0.67
txn_hmlfzkic,204.16,12.15
txn_qydbpgvv,323.51,43.47
txn_wl3zyt91,349.05,55.58
txn_qqyzqii4,357.89,55.21
txn_ozx25qbr,202.48,47.24
txn_ved32lx2,261.81,27.04
txn_owt9nm3v,120.69,34.95
txn_ixc7urvq,305.62,50.21
txn_g8cd31nr,374.23,53.8
txn_6wafftou,329.42,42.48
txn_lu6k7p9m,5162.39,1.19
txn_oekntbz3,353.14,17.94
txn_zolnntxr,127.29,26.15
txn_74f9yeca,164.58,59.46
txn_dxoq2vpg,257.15,35.36
txn_qmgvu4is,176.69,58.8
txn_uzeryf09,228.12,47.84
txn_qc6dr08c,270.61,7.9
txn_m2qsq0p8,183.88,20.91
txn_b700ucrg,24807.3,0.99
txn_wkcs4kek,288.75,14.6
txn_vfq3jzr2,253.47,23.86
txn_df7fr91i,214.26,45.39
txn_mx1egok0,208.12,34.29
txn_nzrf5a7q,367.76,7.26
txn_7w8p74mj,18086.87,0.53
txn_100vhmyg,221.15,42.0
txn_3addqhkg,6838.83,1.13
txn_x48wze4e,333.59,58.19
txn_6zjq7w7j,189.18,54.69
txn_1lfc1nlc,242.07,32.04
txn_7vgrf1hx,335.86,44.35
txn_dcujq6fx,217.81,43.5
txn_6us7rp42,195.87,34.71
txn_a83ru7my,113.79,9.99
txn_t8cq1xgb,100.74,15.51
txn_z6wmdw0f,229.73,31.91
txn_ctlt4q9b,20755.57,0.15
txn_e3yqy5fu,144.67,7.03
txn_fxq7bzeg,11146.75,0.97
txn_qgv3dr2h,119.28,59.02
txn_yl9ue421,315.36,23.45
txn_efoztp7b,21947.33,0.77
txn_1aragdx5,298.59,43.08
txn_hxso7vbg,121.18,57.27
txn_w2maietd,256.96,17.06
txn_1xjg2y8r,150.58,41.86
txn_bxkpm21b,294.32,48.2
txn_re6zvlhy,227.37,47.84
txn_ld05nhqr,362.5,30.02
txn_nezw9hey,7730.03,1.04
txn_qgm5v2ww,394.92,58.36
txn_4d4r9v4k,244.78,23.0
txn_u6vfua9b,190.02,47.27
txn_btr23qiu,19635.73,1.14
txn_ekxdrkz4,337.09,47.45
txn_5o2nqw4c,263.46,23.31
txn_bpj8t22c,247.6,56.99
txn_y5dnwngu,19186.74,0.33
txn_9ier7u8h,223.25,17.4
txn_mjyjcmrs,219.91,34.31
txn_kw2837c6,133.33,9.41
txn_6k8djzr5,203.56,58.33
txn_tempxkc5,202.21,57.11
txn_xomxlvz4,235.81,48.41
txn_gjr81bmq,290.13,55.83
txn_zk94yxfi,11332.52,0.24
txn_jgublmnt,192.7,27.25
txn_rfqla09l,420.63,31.07
txn_k79ufu6p,230.23,12.67
txn_tlo4qdbx,79.4,17.22
txn_7katqyds,204.96,56.89
txn_6mf4nnkm,349.32,53.09
txn_d0p92k38,284.9,37.29
txn_dhr59c81,13189.21,1.11
txn_ouz1egnt,21524.97,1.02
txn_kuqaaj84,223.43,40.96
txn_6pryiej9,19911.31,0.74
txn_u5wryesu,264.46,22.58
txn_5efjp6mk,273.72,56.5
txn_s1gd1t53,211.62,42.86
txn_du3asnrm,365.46,10.63
txn_fhg6w3st,251.56,30.33
txn_c37rln36,210.68,47.0
txn_mzb3i4fi,272.13,42.99
txn_2c11bd2s,7378.44,0.38
txn_cy127h6g,273.63,9.99
txn_478mfs0i,335.38,5.77
txn_hgk6t9dh,311.3,43.93
txn_nvp8gmnh,425.44,11.8
txn_de1zuble,400.5,38.02
txn_l9ptk4gc,130.78,14.86
txn_9rdpxdfo,268.36,10.59
txn_79c9mv9e,239.97,44.24
txn_uj2xorvo,186.14,20.34
txn_1djrwedb,18562.15,1.17
txn_nyfwdc11,285.05,31.96
txn_jm4t8bp6,362.51,22.3
txn_nqbu4kzr,230.23,11.02
txn_yxyur4so,159.64,58.4
txn_wm9lbb4m,416.15,23.77
txn_dmmmxixv,278.35,8.6
txn_kmalq5u6,214.52,59.22
txn_nou3dyms,149.55,23.67
txn_wnpr424t,505.42,27.11
txn_i0d4dmc2,328.63,16.54
txn_2xk2ptho,119.99,14.93
txn_az5uh80q,289.35,34.3
txn_w1puwsnf,223.27,28.95
txn_l3cho3xj,187.9,27.32
txn_egi3qupx,8187.17,0.25
txn_j2xg48ra,343.79,52.69
txn_6onxd70f,304.62,45.4
txn_7s387j5i,274.93,37.14
txn_o0ipfg8p,182.99,37.42
txn_rn8lpy85,167.3,50.18
txn_a8v4x7y2,346.22,35.4
txn_l8n3e54n,77.1,19.05
txn_d3ih66w5,387.67,27.35
txn_b537qo4z,313.74,43.42
txn_smv30qab,115.08,39.66
txn_2eowlcfs,315.88,51.58
txn_y2lr0jy3,131.27,15.93
txn_og585i87,128.02,58.58
txn_hzgopjdn,125.5,11.45
txn_zp7qyezg,263.22,32.18
txn_e4v9kypo,185.41,20.96
txn_jw6nyqae,207.28,44.23
txn_z0jdcli6,135.82,56.66
txn_8v0bjwko,350.39,36.93
txn_js75eltf,229.58,7.43
txn_e5407k5w,244.01,54.1
txn_l91f4x2b,319.06,17.64
txn_bjzp97bm,157.16,51.52
txn_5ed5ggsj,258.66,37.21
txn_v8suoc1y,369.38,42.44
txn_ov84fc3x,269.65,57.54
txn_va8x8l00,199.99,7.68
txn_xlbc8nog,226.79,52.6
txn_d4f2k1xe,117.93,22.06
txn_yex3sr5r,309.77,28.27
txn_13wppbmq,231.89,32.24
txn_wskp6rfe,207.24,51.28
txn_skbcbdpd,194.42,19.02
txn_csexggoc,224.49,21.37
txn_vqywj85g,247.97,52.94
txn_dtaegry5,141.12,38.1
txn_rw9myyok,288.83,5.87
txn_84hxxpw2,253.39,21.55
txn_qraffz8q,203.87,36.32
txn_4bawz940,222.63,35.49
txn_krrvwy3r,167.56,22.37
txn_c6prr7mz,10760.22,0.31
txn_mih6mv4x,235.18,21.14
txn_z83y0224,223.05,41.69
txn_ehvdo9kh,5362.61,1.07
txn_mf36bcpw,380.31,17.33
txn_jmmb5jfy,189.31,55.96
txn_pq4ddv28,140.44,7.31
txn_dw56fkps,343.71,23.4
txn_e4po1i3m,317.45,9.69
txn_n1mxf1pi,179.76,30.23
txn_42nbfa37,11296.09,1.18
txn_fc1xx6cw,292.49,41.32
txn_skoytk06,10595.61,0.68
txn_7zqht2xz,266.05,15.85
txn_kbm00e9k,16035.72,0.67
txn_1fb2vi10,170.14,11.07
txn_cnwmbxek,31.53,49.3
txn_9u6wtvmk,316.24,44.32
txn_yzsilu3n,19232.81,1.01
txn_cc5rqnsv,200.59,32.44
txn_pp7r93fe,288.43,12.12
txn_z5ehr07n,184.15,11.65
txn_ubfn9kr2,201.14,37.43
txn_b66h3rem,159.31,36.12
txn_62rzv1sq,301.67,29.7
txn_5l2xoiot,350.61,40.53
txn_5zu2zueu,166.81,39.03
txn_ubugr6e7,389.64,18.49
txn_z5p3vob5,13740.35,0.56
txn_4ljedgfj,11135.88,0.55
txn_gwlacolo,266.73,25.65
txn_3eh1vr1n,333.04,27.39
txn_roi5j8yi,283.26,48.19
txn_kodwh8n9,168.33,55.13
txn_qaq3k8a7,230.37,37.88
txn_4nmwvsb0,224.9,11.76
txn_fukpv8ly,326.21,19.37
txn_1qi9mqva,246.9,31.21
txn_6yo6z1t2,245.92,9.26
txn_b3yym33m,263.93,5.46
txn_q7qhak7m,17268.85,0.43
txn_zirnk6zh,127.16,50.16
txn_o5urtxuy,288.43,8.58
txn_juis2gy9,266.73,34.31
txn_juq7x7b7,314.0,42.41
txn_qn15ikpq,8892.16,0.19
txn_ua09pcif,248.03,39.43
txn_dr3vwmjd,235.54,23.35
txn_271w1wud,5666.87,0.44
txn_4ce7pkwc,272.53,35.76
txn_knd1ivxa,296.12,39.06
txn_m72qlgdv,20788.33,0.31
txn_uwjp0qi2,11233.34,0.58
txn_81l51flm,91.87,5.44
txn_vycs44ph,367.77,23.79
txn_yz9vlu8w,173.7,13.93
txn_q2bhaiiw,230.9,23.23
txn_0hg9ncbe,53.38,15.69
txn_v1bbhg5z,202.74,6.18
txn_46ayn2d7,233.15,18.21
txn_3x79955c,376.54,15.54
txn_nnv9ibwg,184.68,48.43
txn_lb25485h,14413.35,0.83
txn_cs1xsrql,206.66,32.21
txn_jo7vbhh5,130.76,21.83
txn_5u7ntedq,172.66,39.16
txn_pqo2lngi,204.94,24.75
txn_c4sx27dc,9006.13,0.32
txn_lk3yjz99,238.72,5.47
txn_k32oouxq,73.82,46.86
txn_foi0rs21,112.4,22.22
txn_g1zhqunu,284.04,56.88
txn_a34mpyo2,242.02,48.19
txn_7f8lwvv5,265.4,16.23
txn_otgduq6d,230.7,42.9
txn_rgc8kixc,15370.63,0.29
txn_4ofdtrc8,243.34,12.15
txn_hpzrv7vs,248.44,12.85
txn_co3s65qu,259.65,20.84
txn_5qzzkw3g,355.2,30.18
txn_6guo8i5j,173.53,21.05
txn_6z0hr9t9,7104.49,0.94
txn_lqjsqcz0,246.0,26.82
txn_ae7l0rct,92.62,57.25
txn_f34gadkt,370.04,42.26
txn_fmhbyhz4,313.64,40.26
txn_z6olba11,208.33,10.03
txn_p9mgyh52,291.86,14.23
txn_godlught,290.25,24.61
txn_goloqc3x,288.19,8.7
txn_hkv9dt94,354.71,58.98
txn_zy9ylw5l,222.44,31.52
txn_mvvnxiv9,123.07,21.99
txn_01wcnkfh,23468.18,0.76
txn_80lkx1s9,136.17,20.87
txn_a4lit6xi,229.15,25.98
txn_lpa5cgwf,142.51,10.05
txn_v37ic0lz,277.0,20.69
txn_qwj2c9og,304.18,32.79
txn_0132an41,211.93,44.97
txn_jqqnvceq,224.06,15.43
txn_as0r778n,182.6,27.48
txn_b7nugpj6,167.43,33.03
txn_ryzx70ib,168.26,43.36
txn_xjqyjv84,20419.44,0.81
txn_7ov6sgp3,161.9,21.62
txn_8xnlo50d,262.27,12.85
txn_07ol93ac,177.52,33.87
txn_x0gnzhg8,270.17,8.24
txn_g1j6oww5,202.87,21.12
txn_njmvrydc,355.62,59.32
txn_dsav917r,254.8,28.62
txn_n6937xnc,232.24,30.13
txn_z05ev5kz,282.18,25.26
txn_wxrog983,12204.11,0.15
txn_3lpvowcp,463.62,52.14
txn_60khfsu4,150.86,12.03
txn_2kyt5gqe,253.15,46.43
txn_xdpzf761,305.08,19.17
txn_r6eet0dy,374.08,38.04
txn_xnz0nxu4,193.3,17.3
txn_edd070en,350.59,5.09
txn_ct49lny2,220.14,38.09
txn_hotqf74r,213.9,41.59
txn_2zvl9e9z,223.26,50.58
txn_rzn9l3h0,241.94,52.6
txn_gro9x49t,224.98,42.28
txn_91otkzh4,340.93,36.92
txn_24zqfezk,347.94,17.0
txn_00a0uy9f,112.24,55.93
txn_d9gb9xv8,317.91,27.22
txn_biry8xny,174.57,52.57
txn_xjxnecry,133.55,6.27
txn_uuj02grx,217.01,8.49
txn_62g3aut3,234.11,33.54
txn_vz2e186g,293.37,49.03
txn_eehfu4b9,342.06,25.0
txn_tp8ak8s2,151.27,43.23
txn_s9mthd3i,285.6,21.48
txn_38vhmewc,122.52,27.0
txn_cjpztc09,367.05,15.59
txn_nx3vpf9p,17072.14,0.19
txn_edtcxnmj,251.71,25.74
txn_8nd7g0l3,261.13,34.09
txn_z5tv6g8o,238.53,34.24
txn_v4reasfe,40.41,45.45
txn_b09zivzg,278.33,20.17
txn_p753k48o,159.85,9.96
txn_c08fc0tr,331.67,32.98
txn_0rs95zow,230.21,46.03
txn_zz0i0835,165.36,58.06
txn_y5sic4s8,180.7,25.85
txn_ne6it1ek,280.11,36.29
txn_hk7x3bqw,377.43,24.57
txn_wlma6gmd,332.84,13.45
txn_erfxiokp,298.81,49.63
txn_dp4fmpm5,258.5,26.7
txn_06fhrxjp,271.3,48.99
txn_zl15s74n,262.89,13.55
txn_s1iym90p,260.37,31.73
txn_1ifsi159,272.84,43.86
txn_3zsg9vwi,201.95,7.11
txn_97pwdbol,258.43,31.36
txn_sxkjkmpl,5817.78,0.16
txn_0hq6dg8n,321.93,10.33
txn_at5l0n2t,217.78,26.12
txn_5e0ev6xg,205.51,55.9
txn_ctm09hzb,192.01,53.24
txn_4696qz6c,230.96,56.22
txn_savzebu2,245.3,42.66
txn_58f1n2oj,169.61,13.8
txn_hz52qzsk,223.71,14.41
txn_bibf57j2,152.07,18.7
txn_3tamvncz,235.7,38.63
txn_lc33h8g8,169.3,58.83
txn_22d0nx5w,273.03,19.78
txn_u31fi0n6,8630.27,0.3
txn_5gr0xafg,198.42,38.43
txn_cci68ds0,187.9,6.14
txn_31xbidfw,24327.22,1.15
txn_d0mzhrup,202.89,23.25
txn_fcywe3dk,272.88,55.17
txn_apfxi5n5,212.13,11.18
txn_gdd8mwe7,336.35,14.79
txn_tvyfyk3m,183.53,55.39
txn_x73zca7f,215.98,44.67
txn_2rcu8kd9,321.99,26.18
txn_lpyo2m2x,168.19,34.36
txn_t3nupuy0,295.88,17.94
txn_a9au87cm,349.05,21.21
txn_f486i3ce,140.14,43.72
txn_na8nzxc4,324.91,9.34
txn_cu3fg00z,264.38,27.63
txn_m2zkf5b1,400.92,42.39
txn_5t37szpf,260.32,33.68
txn_9ehwhg0u,286.53,22.23
txn_x3f2xhdc,167.81,51.56
txn_bktcv1lt,312.05,58.72
txn_uu2bl7am,262.8,26.9
txn_h109zdo0,266.13,37.29
txn_nv4kfq5d,207.31,53.64
txn_3x1f8s0x,173.75,23.65
txn_m4p61nhv,8048.03,0.79
txn_r2f5t82d,11274.37,1.13
txn_fkndg1jr,367.82,53.22
txn_xfeub4o4,302.7,51.47
txn_8nysj5yw,305.41,45.76
txn_i3a4kfoc,215.54,30.62
txn_x6qd0771,258.32,23.08
txn_l9rzrkbf,205.27,6.72
txn_vn7nprb5,195.78,42.6
txn_jwdcokz5,220.01,50.68
txn_d6m1fmpr,195.73,13.84
txn_zmyoa2vc,197.37,59.25
txn_700lfqf5,202.7,58.35
txn_osaq3eq8,9372.46,1.18
txn_ptfnm88u,21275.59,0.12
txn_6s5zxqom,115.28,11.24
txn_gpgvtn4y,230.25,20.58
txn_w7493dxw,116.49,56.0
txn_dpubkpiq,253.02,15.76
txn_qe86o3z0,12492.88,0.35
txn_k5j42oi6,295.95,25.59
txn_33vm89i9,254.5,40.44
txn_32uew9g6,216.16,49.06
txn_sw24wjt8,264.04,10.13
txn_pwvbz7cn,310.0,39.73
txn_mi6kti22,314.33,41.26
txn_j7wwudqv,215.62,10.1
txn_rn4orac8,18746.73,0.51
txn_l63gaguv,24518.32,1.19
txn_rwtf07gb,15234.89,0.27
txn_5ehlh07j,416.19,57.43
txn_mtk0rsog,185.6,20.46
txn_ov1l28r5,95.74,46.09
txn_3wvpunwc,343.6,37.28
txn_k3x8mbgl,270.16,24.68
txn_cxn2elal,298.01,35.89
txn_nvsdkv54,22853.28,0.56
txn_1llh2r9p,85.66,14.41
txn_lnukx496,294.23,54.27
txn_7bxcd20j,181.87,27.02
txn_ulwozq48,172.06,6.61
txn_badlypgg,329.01,25.29
txn_6975j2d8,11586.58,0.77
txn_3jgeqe51,330.72,29.57
txn_esux9l0i,232.4,21.29
txn_cu5x0hc8,5262.56,0.34
txn_3gdhvs41,205.65,32.75
txn_6hn95s2g,263.18,14.03
txn_l5xf50i6,365.92,29.9
txn_j7dpfssb,271.05,10.38
txn_x0pkovtr,201.65,57.74
txn_hbbjcdiw,145.28,26.55
txn_d05jh2mk,246.4,32.68
txn_zrk6ilcg,214.59,12.8
txn_armgjcy4,353.9,31.86
txn_id3u94sg,229.87,10.17
txn_k0q09jrn,12052.53,0.88
txn_6146vey0,24572.75,1.04
txn_xfri09m0,359.59,58.1
txn_5y6q8sjy,218.02,26.51
txn_p9lbsmwp,389.01,20.86
txn_8ryqf8wx,221.81,20.85
txn_2abkvblp,310.88,24.26
txn_k4x1fdj9,250.25,37.19
txn_chrm3wp8,10225.22,0.43
txn_luyluyhe,239.33,36.17
txn_wtn5pepl,282.12,44.19
txn_qppoau8p,199.13,18.35
txn_setuk1oo,21149.62,1.06
txn_qbb3xmdk,205.04,23.22
txn_c0y0bhf0,269.86,51.87
txn_kl9aryea,368.4,11.66
txn_dhr3pceo,315.64,35.07
txn_3y4wpwg3,111.12,14.39
txn_0trky8ry,237.69,27.93
txn_pbquakx6,213.92,7.34
txn_68q0j9m4,177.14,26.48
txn_cxmzmz2k,351.84,21.66
txn_o6xnqxu7,208.42,22.82
txn_8mwob4fd,243.3,56.38
txn_r1930i6g,253.05,8.54
txn_we4c1v47,166.55,43.43
txn_n9uhjpkh,306.81,15.58
txn_uwyh36mo,116.05,8.96
txn_g06xr3ur,174.74,12.58
txn_cpncc2ke,180.67,38.08
txn_li77jzc5,343.36,51.93
txn_7soczdq7,297.4,6.65
txn_mjm1ft07,292.31,9.01
txn_86z1b98v,209.39,9.43
txn_t8jbbsxp,375.23,6.18
txn_b13t4y0t,20313.63,0.86
txn_ppep69ng,77.25,8.19
txn_ivi052u9,19396.54,0.99
txn_cegbmxik,209.49,9.22
txn_jtr0m6hz,255.45,47.91
txn_kxsjzsb6,203.28,16.2
txn_e9i0hn3f,205.08,43.41
txn_xqerbkn3,10581.85,0.77
txn_r5nbhgpb,178.54,6.43
txn_v6763v1m,230.91,28.87
txn_p00cdnzy,332.58,36.49
txn_usfn07ea,216.08,57.3
txn_ditmownx,290.47,11.84
txn_uljgqpq8,148.27,51.44
txn_hc7jvlcg,223.62,12.0
txn_wfwbeby4,409.14,7.31
txn_zczjjy4m,190.11,9.26
txn_psiln3ox,206.16,12.87
txn_l2moxq9w,427.44,55.15
txn_av3s2sum,301.08,50.69
txn_b0n9cc7i,159.98,27.99
txn_04sbrspj,204.53,21.12
txn_ii1nq0ei,305.35,24.36
txn_s6xvqpu3,198.17,34.57
txn_1ovejklc,354.22,39.79
txn_165aejt7,238.99,11.95
txn_bpy9e576,166.55,44.16
txn_e66vw9b0,308.79,29.69
txn_oq4kreg1,280.85,54.26
txn_vnxnpsv8,10946.97,0.48
txn_u6u4pllg,237.02,49.77
txn_09hsuwdk,237.16,53.69
txn_k7917xfh,335.04,46.52
txn_a68t2a3a,347.22,45.26
txn_s3kdz4pp,212.78,52.55
txn_90emc20l,231.56,33.21
txn_1zl7p72l,361.39,41.36
txn_5bwaen7y,335.16,45.35
txn_kh5840ac,369.45,16.47
txn_gpjnvwrx,232.01,21.07
txn_r2omrde5,305.26,20.8
txn_8lxeqlez,263.64,49.26
txn_roiks62c,159.02,19.39
txn_lopo6j0m,220.47,36.49
txn_fhw8wlva,326.67,49.13
txn_dz61txsn,304.67,52.28
txn_i26lh07b,23807.1,0.21
txn_orfki1ij,332.65,48.12
txn_xe0jdcz1,400.02,38.27
txn_f02gvlls,10480.99,0.32
txn_jxqkd8ur,263.94,34.33
txn_iarontdi,203.54,25.34
txn_uxl39dg5,284.95,18.75
txn_fwr0ui1j,226.03,22.68
txn_uoay12tl,288.92,22.7
txn_zs49cdzn,319.71,14.14
txn_p8bpg2r0,363.1,26.97
txn_kpk7yswn,311.35,16.25
txn_wzsjq77z,325.62,12.44
txn_s3aofc9l,215.78,23.21
txn_cqfmuiw7,156.7,50.14
txn_5vlwojtx,8048.44,0.9
txn_kjd2v1l1,225.28,52.92
txn_yrg29d2f,393.06,53.1
txn_l6bspxls,177.63,26.2
txn_rlst5488,221.27,44.12
txn_4ur2yupm,12313.74,0.61
txn_y0hu97ng,336.23,33.93
txn_aldnj7vb,255.79,31.33
txn_bzjw8357,187.38,31.04
txn_513bb6f0,181.41,12.24
txn_p4cwcdt9,238.93,51.05
txn_4lz6v7s7,240.37,51.07
txn_yc3s0dpj,200.73,46.08
txn_4ajmmuzu,248.31,11.39
txn_d0gv812h,362.03,18.57
txn_4x6g1ebz,312.76,12.72
txn_lig5gkzj,184.77,40.3
txn_qw3b4nth,214.83,24.08
txn_32hzs32d,245.37,6.73
txn_exgfvnnv,19025.77,0.79
txn_5apmxd6l,339.72,15.24
txn_a3qupo4j,186.78,21.51
txn_8516sp18,352.62,6.57
txn_s7587h91,148.75,58.37
txn_l12qfaf5,425.85,9.42
txn_ihdiy4nr,130.15,43.43
txn_6y3z1de1,272.24,47.53
txn_630pocr0,269.38,47.23
